{"car_model":3,"car_colourz":0.2977207,"car_coloury":0.07977211,"car_colourx":0.6424503,"sfx_volume":0.99382716,"background_music_volume":0.003086408}